{
  "Aku Ball": [
    {
      "スタン": "無効"
    },
    {
      "追跡型": "プレイヤーを追いかける"
    },
    {
      "即死": "触れたら即死する"
    },
    {
      "速度": "+0→+3?"
    },
    {
      "加速": "一定範囲内に入ったプレイヤーを視認すると加速"
    }
  ],
  "Akumii-kari": [
    {
      "スタン": "無効"
    },
    {
      "即死": "触れたら即死する"
    },
    {
      "視界ダメージ": "見るとダメージと視界阻害が発生する"
    },
    {
      "テレポート": "不定期にテレポートする"
    }
  ],
  "All-Around-Helpers": [
    {
      "スタン": "有効"
    },
    {
      "追跡型": "プレイヤーを追いかける"
    },
    {
      "徘徊型": "フロアをランダムに徘徊する"
    },
    {
      "複数": "3体出現"
    },
    {
      "加速": "プレイヤー発見で加速する"
    },
    {
      "速度": "0/+3.5～4"
    }
  ],
  "An Arbiter": [
    {
      "スタン": "無効"
    },
    {
      "追跡型": "プレイヤーを追いかける"
    },
    {
      "召喚型": "手下を召喚する"
    },
    {
      "速度": "+0(プレイヤーとほぼ同速度)"
    },
    {
      "即死": "柱に当たると即死する"
    }
  ],
  "Ao Oni": [
    {
      "スタン": "有効"
    },
    {
      "追跡型": "プレイヤーを追いかける"
    },
    {
      "召喚型": "キルした際に一定時間後にAo Oniを追加召喚する"
    },
    {
      "即死": "触れたら即死する"
    },
    {
      "速度": "+2"
    }
  ],
  "Apocrean Harvester": [
    {
      "スタン": "触手のみ有効"
    },
    {
      "追跡型": "プレイヤーを追いかける"
    },
    {
      "召喚型": "プレイヤーを拘束する触手を召喚する"
    },
    {
      "速度": "少し速い"
    },
    {
      "即死": "即死攻撃あり"
    }
  ],
  "Arkus": [
    {
      "スタン": "時間は短いが有効"
    },
    {
      "追跡型": "プレイヤーを追いかける"
    },
    {
      "速度": "+1"
    }
  ],
  "Arrival": [
    {
      "速度": "0~+2?"
    },
    {
      "加速": "プレイヤーを視認で加速する"
    },
    {
      "デバフ": "接近で感染症を付与"
    },
    {
      "追跡型": "プレイヤーを追いかける"
    }
  ],
  "Astrum Aureus": [
    {
      "追跡型": "プレイヤーを追いかける"
    },
    {
      "テレポート": "プレイヤーのいる位置めがけて落下する"
    },
    {
      "加速": "プレイヤー視認時に加速"
    },
    {
      "速度": "+2~4"
    },
    {
      "即死": "即死攻撃"
    }
  ],
  "Bacteria": [
    {
      "スタン": "有効"
    },
    {
      "追跡型": "プレイヤーを追いかける"
    },
    {
      "徘徊型": "時々フロアをランダムに徘徊する"
    },
    {
      "加速": "プレイヤーを見つけると加速する"
    },
    {
      "即死": "触れたら即死する"
    },
    {
      "速度": "+0?→+8以上?"
    }
  ],
  "Bad Batter": [
    {
      "追跡型": "プレイヤーを追いかける"
    },
    {
      "視認加速": "プレイヤーを見つけると加速する"
    },
    {
      "即死": "触れたら即死する"
    },
    {
      "速度": "+0→+9以上"
    }
  ],
  "Bed Mecha": [
    {
      "スタン": "無効"
    },
    {
      "追跡型": "プレイヤーを追いかける"
    },
    {
      "速度": "+2～+3"
    }
  ],
  "Beyond": [
    {
      "スタン": "有効"
    },
    {
      "追跡型": "プレイヤーを追いかける"
    },
    {
      "複数": "２体出現"
    },
    {
      "速度": "+2.5"
    },
    {
      "デバフ": "炎上"
    }
  ],
  "BFF": [
    {
      "スタン": "短時間有効"
    },
    {
      "追跡型": "プレイヤーを追いかける"
    },
    {
      "加速": "残り80秒までは視認すると加速"
    },
    {
      "加速": "残り80秒から大幅に加速"
    },
    {
      "テレポート": "テレポーターを使用して瞬間移動する"
    },
    {
      "デバフ": "呪い、出血"
    },
    {
      "即死": "ナイフの攻撃で即死する"
    }
  ],
  "Big Bird": [
    {
      "スタン": "有効(一瞬足を止める)"
    },
    {
      "追跡型": "プレイヤーを追いかける"
    },
    {
      "速度低下": "接近するとプレイヤーの速度が低下する"
    },
    {
      "即死": "即死攻撃"
    }
  ],
  "Bigger Boot": [
    {
      "スタン": "無効"
    },
    {
      "追跡型": "プレイヤーを追いかける"
    },
    {
      "速度": "+4"
    },
    {
      "即死": "踏み潰されると即死する"
    }
  ],
  "Black Sun": [
    {
      "スタン": "有効(手下のみ)"
    },
    {
      "壁貫通": "地形(壁や高さ)を無視してプレイヤーを追いかける"
    },
    {
      "召喚": "手下を複数召喚する"
    },
    {
      "追跡型": "プレイヤーを追いかける"
    },
    {
      "即死": "触れたら即死する"
    }
  ],
  "Bravera": [
    {
      "スタン": "有効"
    },
    {
      "追跡型": "プレイヤーを追いかける"
    },
    {
      "召喚型": "Opton Guardsを2体召喚する"
    },
    {
      "速度": "+1程度/+3以上"
    },
    {
      "デバフ": "出血 鈍足"
    }
  ],
  "Cartoon Cat": [
    {
      "スタン": "有効"
    },
    {
      "追跡型": "プレイヤーを追いかける"
    },
    {
      "徘徊型": "時々フロアをランダムに徘徊する"
    },
    {
      "加速": "プレイヤー視認で加速する"
    },
    {
      "速度": "0以下→+8以上"
    },
    {
      "即死": "触れたら即死する"
    }
  ],
  "[CENSORED]": [
    {
      "スタン": "非常に有効"
    },
    {
      "追跡型": "プレイヤーを追いかける"
    },
    {
      "召喚型": "登場時とプレイヤーキル時に手下を召喚する"
    },
    {
      "視界ダメージ": "手下召喚時に視界ダメージ"
    },
    {
      "速度": "+2"
    }
  ],
  "Charlotte": [
    {
      "スタン": "有効"
    },
    {
      "追跡型": "プレイヤーを追いかける"
    },
    {
      "カウンター": "スタンすると第2形態に変化"
    }
  ],
  "Christian Brutal Sniper": [
    {
      "スタン": "短時間有効"
    },
    {
      "追跡型": "プレイヤーを追いかける"
    },
    {
      "速度": "+1.5"
    }
  ],
  "Clockey": [
    {
      "スタン": "笑ってる間だけかつ近距離アイテムのみ有効"
    },
    {
      "追跡型": "プレイヤーを追いかける"
    },
    {
      "加速": "残り80秒で加速する"
    },
    {
      "速度": "+0/+3以上"
    }
  ],
  "Comedy": [
    {
      "スタン": "無効"
    },
    {
      "追跡型": "プレイヤーを追いかける"
    },
    {
      "即死": "即死攻撃"
    },
    {
      "速度": "+0以下~9以上"
    }
  ],
  "Corrupted Toys": [
    {
      "スタン": "有効"
    },
    {
      "追跡型": "プレイヤーを追いかける"
    },
    {
      "徘徊型": "フロアをランダムに徘徊する"
    },
    {
      "複数": "2体出現"
    },
    {
      "加速": "プレイヤーを発見すると加速する"
    },
    {
      "速度": "バ：+2.5/ウ:0　+2.5"
    },
    {
      "即死": "触れたら即死する"
    }
  ],
  "Cubor's Revenge": [
    {
      "スタン": "無効(本体)/有効(ミニオン)"
    },
    {
      "追跡型": "プレイヤーを追いかける"
    },
    {
      "召喚型": "キューブを召喚する"
    },
    {
      "加速": "1体召喚するたびに加速する"
    },
    {
      "速度": "徒歩以下～+5？"
    },
    {
      "デバフ": "炎上"
    }
  ],
  "Deleted": [
    {
      "スタン": "無効"
    },
    {
      "追跡型": "プレイヤーを追いかける"
    },
    {
      "テレポート": "ランダムな場所に瞬間移動する"
    },
    {
      "装備解除": "プレイヤーの装備を強制解除する"
    },
    {
      "即死": "触れたら即死する"
    },
    {
      "無敵貫通": "あらゆる無敵効果を貫通する"
    }
  ],
  "Demented Spongebob": [
    {
      "スタン": "有効"
    },
    {
      "追跡型": "プレイヤーを追いかける"
    },
    {
      "加速": "プレイヤーが一定範囲内に入ると加速"
    },
    {
      "速度": "+0/+2"
    }
  ],
  "Dev Bytes": [
    {
      "スタン": "有効(無効なタイミングアリ)"
    },
    {
      "追跡型": "プレイヤーを追いかける"
    },
    {
      "徘徊型": "フロアをランダムに徘徊する（槌）"
    },
    {
      "複数": "3体出現する"
    },
    {
      "召喚": "時間経過で1体追加"
    }
  ],
  "Dog Mimic": [
    {
      "スタン": "攻撃形態中のみ有効"
    },
    {
      "追跡型": "プレイヤーを追跡する"
    },
    {
      "徘徊型": "時々フロアをランダムに徘徊する"
    },
    {
      "加速": "プレイヤーを見つけると加速する"
    },
    {
      "速度": "+3.5以上"
    }
  ],
  "Don't Touch Me": [
    {
      "スタン": "有効、但しカウンター有"
    },
    {
      "全体即死": "Useまたは攻撃で発火"
    },
    {
      "停止": "全く動かない"
    }
  ],
  "DoomBox": [
    {
      "追跡型": "プレイヤーを追いかける"
    },
    {
      "速度": "+2.5?"
    }
  ],
  "Dr. Tox": [
    {
      "スタン": "有効(パリィ/カウンターあり)"
    },
    {
      "追跡型": "プレイヤーを追いかける"
    },
    {
      "加速": "攻撃不発で加速する"
    },
    {
      "カウンター": "スタンすると毒攻撃"
    },
    {
      "速度": "+2/+5?"
    },
    {
      "デバフ": "毒"
    }
  ],
  "Express Train To Hell": [
    {
      "スタン": "無効"
    },
    {
      "テレポート": "ランダムな場所に出現"
    },
    {
      "速度": "動かない"
    },
    {
      "デバフ": "鈍足"
    },
    {
      "即死": "直撃で即死する"
    }
  ],
  "FOX Squad": [
    {
      "スタン": "有効"
    },
    {
      "徘徊型": "フロアをランダムに徘徊する"
    },
    {
      "複数": "最大９体出現"
    },
    {
      "速度": "+0～2"
    },
    {
      "デバフ": "出血"
    }
  ],
  "Garten Goers": [
    {
      "スタン": "有効(赤、鳥)"
    },
    {
      "追跡型": "(赤、緑)プレイヤーを追いかける"
    },
    {
      "徘徊型": "(緑、鳥、青)フロアをランダムに徘徊する"
    },
    {
      "複数": "4体出現"
    },
    {
      "加速": "(鳥)プレイヤー発見で加速する"
    },
    {
      "不可視": "(青)攻撃時以外姿が見えない"
    },
    {
      "速度": "+2?"
    },
    {
      "即死": "(緑)即死攻撃、(赤、青)触れたら即死する"
    }
  ],
  "Ghost Girl": [
    {
      "追跡型": "プレイヤーを追いかける"
    },
    {
      "テレポート": "プレイヤーの近くに瞬間移動する"
    },
    {
      "ローカル挙動": "狙われている人以外は見えない、触れられない"
    },
    {
      "即死": "触れたら即死する"
    },
    {
      "速度": "+2?"
    }
  ],
  "Haket": [
    {
      "スタン": "有効だが5回？スタンすると形態変化"
    },
    {
      "追跡型": "プレイヤーを追いかける"
    },
    {
      "速度": "+2→3→9?"
    },
    {
      "加速": "一定範囲内"
    },
    {
      "デバフ": "出血、鈍足"
    }
  ],
  "Harvest": [
    {
      "スタン": "有効"
    },
    {
      "追跡型": "プレイヤーを追いかける"
    },
    {
      "即死": "触れたら即死する"
    },
    {
      "テレポート": "スタンした際にマップのランダムな位置にテレポート"
    },
    {
      "速度": "+1.5"
    }
  ],
  "Hell Bell": [
    {
      "獲得Eph量": "+25~+32"
    },
    {
      "追跡型": "プレイヤーを追いかける"
    },
    {
      "速度": "素手より遅い"
    }
  ],
  "HER": [
    {
      "追跡型": "プレイヤーを追いかける"
    },
    {
      "テレポート": "ノイズを発生させテレポートする"
    },
    {
      "ダメージ": "触れるとダメージを受ける"
    }
  ],
  "Herobrine": [
    {
      "スタン": "有効"
    },
    {
      "追跡型": "プレイヤーを追いかける"
    },
    {
      "テレポート": "瞬間移動する"
    },
    {
      "即死": "触れたら即死する"
    },
    {
      "視界悪化": "非常に濃い白色の霧を発生させる"
    },
    {
      "速度": "+0~+3?"
    },
    {
      "加速": "プレイヤーとの距離が近いと加速"
    }
  ],
  "HoovyDundy": [
    {
      "スタン": "有効"
    },
    {
      "追跡型": "プレイヤーを追いかける"
    },
    {
      "視認加速": "プレイヤー発見で加速する"
    },
    {
      "速度": "+0/+8以上"
    },
    {
      "即死": "触れたら即死する"
    }
  ],
  "Horseless Headless Horsemann": [
    {
      "スタン": "無効"
    },
    {
      "追跡型": "プレイヤーを追いかける"
    },
    {
      "速度": "+3.5程度"
    },
    {
      "デバフ": "鈍足"
    },
    {
      "即死": "即死攻撃"
    }
  ],
  "Huggy": [
    {
      "追跡型": "プレイヤーを追いかける"
    },
    {
      "スタン": "無効"
    },
    {
      "即死": "触れたら即死する"
    },
    {
      "速度": "素手より遅い / +9以上"
    },
    {
      "加速": "プレイヤーを視認すると加速する"
    }
  ],
  "Hush": [
    {
      "スタン": "一部の手下に有効"
    },
    {
      "召喚型": "2種の手下を召喚する"
    },
    {
      "テレポート": "ランダムな場所に瞬間移動する"
    },
    {
      "速度": "動かない"
    }
  ],
  "Immortal Snail": [
    {
      "スタン": "無効"
    },
    {
      "追跡型": "プレイヤーを追いかける"
    },
    {
      "速度": "極めて遅い"
    },
    {
      "即死": "触れたら即死する"
    },
    {
      "無敵貫通": "あらゆる無敵効果を貫通する"
    }
  ],
  "Imposter": [
    {
      "スタン": "有効"
    },
    {
      "追跡型": "プレイヤーを追いかける"
    },
    {
      "テレポート": "プレイヤーから少し離れたところにテレポートする/スタンすると即テレポートする"
    },
    {
      "速度": "+2"
    },
    {
      "即死": "触れたら即死する"
    }
  ],
  "Ink Demon": [
    {
      "スタン": "有効"
    },
    {
      "追跡型": "プレイヤーを追いかける"
    },
    {
      "速度": "+2"
    },
    {
      "デバフ": "鈍足"
    }
  ],
  "Judgement Bird": [
    {
      "スタン": "無効"
    },
    {
      "追跡型": "プレイヤーを追いかける"
    },
    {
      "即死": "審判を受けると高確率で即死する"
    },
    {
      "デバフ": "sin(執行猶予)を付与する"
    },
    {
      "速度": "素手より遅い"
    }
  ],
  "Karol_Corpse": [
    {
      "スタン": "加速状態でない時に有効"
    },
    {
      "追跡型": "プレイヤーを追いかける"
    },
    {
      "加速": "特定の時間になると加速する"
    },
    {
      "速度": "+2～+3?"
    }
  ],
  "Killer Fish": [
    {
      "スタン": "無効"
    },
    {
      "追跡型": "プレイヤーを追いかける"
    },
    {
      "テレポート": "プレイヤーの近くに瞬間移動する"
    },
    {
      "速度": "[???]"
    }
  ],
  "Killer Rabbit": [
    {
      "スタン": "無効"
    },
    {
      "追跡型": "プレイヤーを追いかける"
    },
    {
      "加速": "接近で加速する"
    },
    {
      "速度": "+0/+8以上"
    },
    {
      "即死": "触れたら即死する"
    }
  ],
  "Legs": [
    {
      "追跡型": "プレイヤーを追いかける"
    },
    {
      "加速": "プレイヤーを見つけると加速する"
    },
    {
      "即死": "触れたら即死する"
    }
  ],
  "Living Shadow": [
    {
      "スタン": "有効"
    },
    {
      "追跡型": "プレイヤーを追いかける"
    },
    {
      "徘徊型": "フロアをランダムに徘徊する"
    },
    {
      "速度": "素手より遅い/+2"
    },
    {
      "デバフ": "麻痺を付与する"
    },
    {
      "テレポート": "影に入りテレポートする"
    }
  ],
  "Luigi & Luigi Dolls": [
    {
      "スタン": "無効"
    },
    {
      "追跡型": "プレイヤーを追いかける"
    },
    {
      "召喚型": "手下を召喚する"
    },
    {
      "テレポート": "(手下)プレイヤーの近くに瞬間移動する"
    },
    {
      "視界ダメージ": "(手下)"
    },
    {
      "即死": "(本体）即死攻撃"
    }
  ],
  "Lunatic Cultist": [
    {
      "スタン": "有効"
    },
    {
      "追跡型": "プレイヤーを追いかける"
    },
    {
      "召喚型": "接近すると火の玉を召喚する"
    },
    {
      "テレポート": "時折ランダムな位置に瞬間移動する"
    },
    {
      "速度": "+2?"
    }
  ],
  "Malicious Twins": [
    {
      "スタン": "有効"
    },
    {
      "追跡型": "プレイヤーを追いかける"
    },
    {
      "徘徊型": "フロアをランダムに徘徊する"
    },
    {
      "複数": "2体出現"
    },
    {
      "速度": "+2?"
    },
    {
      "デバフ": "炎上(目)、鈍足(口)"
    }
  ],
  "Manti": [
    {
      "スタン": "有効"
    },
    {
      "追跡型": "プレイヤーを追いかける"
    },
    {
      "速度": "+4?"
    },
    {
      "デバフ": "出血を付与する"
    },
    {
      "掴み": "プレイヤーを掴み、数秒後に即死させる"
    }
  ],
  "Maul-A-Child": [
    {
      "スタン": "有効"
    },
    {
      "追跡型": "プレイヤーを追いかける"
    },
    {
      "加速": "一定時間になると加速するが、時間が経つと元のスピードに戻るを繰り返す"
    },
    {
      "速度": "+2"
    }
  ],
  "Miros Birds": [
    {
      "スタン": "とても有効"
    },
    {
      "徘徊型": "フロアをランダムに徘徊する"
    },
    {
      "複数": "3体出現"
    },
    {
      "即死": "即死攻撃"
    }
  ],
  "Mirror": [
    {
      "追跡型": "プレイヤーを追いかける"
    },
    {
      "加速": "プレイヤーを視認すると加速"
    },
    {
      "即死": "即死攻撃"
    }
  ],
  "MissingNo": [
    {
      "スタン": "無効/化石形態時：有効"
    },
    {
      "追跡型": "プレイヤーを追いかける"
    },
    {
      "テレポート": "モザイク時:プレイヤーをマップ内のランダムな場所に瞬間移動させる"
    },
    {
      "速度": "可変 ※カブトプス時デリコ超え"
    }
  ],
  "Mona & The Mountain": [
    {
      "スタン": "本体:短時間,山:有効"
    },
    {
      "追跡型": "プレイヤーを追いかける"
    },
    {
      "召喚型": "出現時死体の山を1体召喚する"
    },
    {
      "加速": "死体の山がプレイヤーを殺すと加速する"
    }
  ],
  "Mope Mope": [
    {
      "100秒orスタン": "発狂後残り時間を60秒にセット ※ミッドorブラバは短縮されない"
    },
    {
      "追跡型(発狂時)": "プレイヤーを追いかける"
    },
    {
      "即死(発狂時)": "接触で即死"
    }
  ],
  "MX": [
    {
      "スタン": "有効/発狂後:無効"
    },
    {
      "追跡型": "プレイヤーを追いかける"
    },
    {
      "即死": "触れたら即死する"
    },
    {
      "付与": "ソーンにいる間に近づくと何かが貰える"
    }
  ],
  "Nextbots": [
    {
      "スタン": "無効"
    },
    {
      "追跡型": "プレイヤーを追いかける"
    },
    {
      "複数": "複数体出現"
    },
    {
      "即死": "触れたら即死する"
    },
    {
      "速度": "0~+3.5"
    }
  ],
  "Nosk": [
    {
      "スタン": "有効"
    },
    {
      "徘徊型": "フロアをランダムに徘徊する"
    },
    {
      "追跡型": "プレイヤーを追いかける"
    },
    {
      "速度": "+9?"
    }
  ],
  "Pale Association": [
    {
      "複数": "3体出現"
    },
    {
      "スタン": "有効"
    },
    {
      "追跡型": "プレイヤーを追いかける"
    },
    {
      "徘徊型（手下）": "フロアをランダムに徘徊する"
    },
    {
      "即死": "追い付かれたら即死攻撃"
    },
    {
      "速度": "+1～+2"
    }
  ],
  "Parhelion's Victims": [
    {
      "スタン": "有効と無効"
    },
    {
      "追跡型": "プレイヤーを追いかける"
    },
    {
      "徘徊型": "フロアをランダムに徘徊する"
    },
    {
      "召喚型": "レミングとエクスプローダーを召喚する"
    },
    {
      "複数": "複数出現"
    },
    {
      "速度": "[???]"
    },
    {
      "デバフ": "出血"
    }
  ],
  "Peepy": [
    {
      "スタン": "有効"
    },
    {
      "追跡型": "プレイヤーを追いかける"
    },
    {
      "速度": "+2程度"
    },
    {
      "デバフ": "炎上"
    }
  ],
  "Poly": [
    {
      "スタン": "非常に有効"
    },
    {
      "追跡型": "プレイヤーを追いかける"
    },
    {
      "速度": "プレイヤーの速度+1"
    },
    {
      "即死": "触れたら即死する"
    }
  ],
  "Prisoner": [
    {
      "追跡型": "プレイヤーを追いかける"
    },
    {
      "加速": "残り時間60秒以下で加速する"
    },
    {
      "速度": "+2"
    },
    {
      "デバフ": "レーザーに当たると炎上を付与する"
    }
  ],
  "Punishing Bird": [
    {
      "スタン": "有効"
    },
    {
      "追跡型": "プレイヤーを追いかける"
    },
    {
      "カウンター": "スタンすると15秒の間凶暴化"
    },
    {
      "速度": "+1.5"
    }
  ],
  "Purple Guy": [
    {
      "スタン": "要注意"
    },
    {
      "追跡型": "プレイヤーを追いかける"
    },
    {
      "カウンター": "スタンすると即死カウンター"
    },
    {
      "デバフ": "麻痺"
    },
    {
      "速度": "デリコ"
    }
  ],
  "Red Bus": [
    {
      "スタン": "無効"
    },
    {
      "追跡型": "プレイヤーを追いかける"
    },
    {
      "加速": "プレイヤーのキルで加速する、または誰も死なない状態で90秒経過"
    },
    {
      "速度": "開始時は+1相当"
    },
    {
      "即死": "触れたら即死する"
    }
  ],
  "Red Fanatic": [
    {
      "スタン": "無効"
    },
    {
      "追跡型": "プレイヤーを追いかける"
    },
    {
      "加速": "プレイヤー視認で加速する"
    },
    {
      "発狂": "60秒経過で発狂"
    },
    {
      "召喚": "手下を召喚する"
    },
    {
      "複数": "3体出現(手下)"
    },
    {
      "デバフ": "出血"
    }
  ],
  "Retep": [
    {
      "スタン": "かなり有効"
    },
    {
      "追跡型": "プレイヤーを追いかける"
    },
    {
      "速度": "+1?"
    }
  ],
  "Rush": [
    {
      "徘徊型": "フロアをランダムに徘徊する"
    },
    {
      "即死": "触れたら即死する"
    },
    {
      "速度": "非常に速い"
    }
  ],
  "S.O.S": [
    {
      "スタン": "無効"
    },
    {
      "追跡型": "プレイヤーを追いかける"
    },
    {
      "速度": "[???]"
    },
    {
      "デバフ": "鈍足・毒・麻痺"
    },
    {
      "即死": "触れたら即死する"
    }
  ],
  "Sakuya Izayoi": [
    {
      "スタン": "通常時有効、時止め中無効"
    },
    {
      "追跡型": "プレイヤーを追いかける"
    }
  ],
  "Sawrunner": [
    {
      "即死": "即死攻撃"
    },
    {
      "加速": "プレイヤー視認で加速"
    },
    {
      "追跡型": "プレイヤーを追跡する"
    },
    {
      "速度": "素手より遅い/+2.5?"
    }
  ],
  "Scavenger": [
    {
      "追跡型": "プレイヤーを追いかける"
    },
    {
      "装備解除": "近接攻撃命中時にプレイヤーの装備を強制解除する"
    },
    {
      "速度": "素手より遅い"
    },
    {
      "デバフ": "攻撃されるとEphが減少する"
    }
  ],
  "Security": [
    {
      "スタン": "有効"
    },
    {
      "追跡型": "プレイヤーを追いかける"
    },
    {
      "速度": "+3?"
    }
  ],
  "Seek": [
    {
      "スタン": "有効"
    },
    {
      "追跡型": "プレイヤーを追いかける"
    },
    {
      "速度": "+3"
    },
    {
      "即死": "触れたら即死する"
    }
  ],
  "Shinto": [
    {
      "スタン": "有効"
    },
    {
      "追跡型": "プレイヤーを追いかける"
    },
    {
      "速度": "+2"
    },
    {
      "即死": "即死攻撃"
    }
  ],
  "Shiteyanyo": [
    {
      "スタン": "有効"
    },
    {
      "徘徊型": "フロアをランダムに徘徊する"
    },
    {
      "追跡型": "最高速度になるとかなりの頻度で追跡する"
    },
    {
      "加速": "プレイヤーを殺害するかスタンされない限り加速し続ける"
    },
    {
      "即死": "触れたら即死する"
    }
  ],
  "Signus": [
    {
      "スタン": "テレポート"
    },
    {
      "壁貫通": "地形(壁や高さ)を無視してプレイヤーを追いかける"
    },
    {
      "追跡型": "プレイヤーを追いかける"
    },
    {
      "透明化": "プレイヤーから離れていると透明化する"
    },
    {
      "即死": "触れたら即死する"
    }
  ],
  "Slender": [
    {
      "追跡型": "プレイヤーを追いかける"
    },
    {
      "視界ダメージ": "視認すると持続ダメージ"
    },
    {
      "即死": "触れたら即死する"
    },
    {
      "テレポート": "プレイヤーの近くに瞬間移動する"
    },
    {
      "速度": "遅い"
    }
  ],
  "Smileghost": [
    {
      "追跡型": "プレイヤーを追いかける"
    },
    {
      "即死": "触れたら即死する"
    }
  ],
  "Snarbolax": [
    {
      "スタン": "一部武器のみ有効"
    },
    {
      "追跡型": "プレイヤーを追いかける"
    }
  ],
  "Something": [
    {
      "スタン": "無効"
    },
    {
      "追跡型": "プレイヤーを追いかける"
    },
    {
      "召喚型": "性質の違う3種の手下を召喚する"
    },
    {
      "テレポート(蜘蛛)": "プレイヤーの近くに瞬間移動する"
    },
    {
      "即死(本体)": "触れると即死する"
    },
    {
      "壁貫通(本体)": "地形を無視してプレイヤーを追いかける"
    },
    {
      "速度(本体)": "+0"
    },
    {
      "時間延長": "出現時に残り時間を増加させる"
    }
  ],
  "Something Wicked": [
    {
      "スタン": "有効(マップのランダムな場所にテレポート)"
    },
    {
      "追跡型": "プレイヤーを追いかける"
    },
    {
      "テレポート": "プレイヤーから少し離れた場所に瞬間移動する"
    },
    {
      "即死": "触れたら即死する"
    },
    {
      "視認加速": "視認で加速"
    }
  ],
  "Sonic": [
    {
      "徘徊型(覚醒前)": "ランダムで徘徊する"
    },
    {
      "追跡型(覚醒後)": "覚醒後プレイヤーを追いかける"
    },
    {
      "視界ダメージ": "覚醒後視認でダメージ"
    },
    {
      "即死": "即死攻撃"
    }
  ],
  "Spamton": [
    {
      "スタン": "有効"
    },
    {
      "追跡型": "プレイヤーを追いかける"
    },
    {
      "速度": "+1.5"
    },
    {
      "Eph没収": "攻撃を受けるとEphを失う"
    },
    {
      "デバフ": "散財"
    }
  ],
  "Specimen 2": [
    {
      "スタン": "有効"
    },
    {
      "追跡型": "プレイヤーを追いかける"
    },
    {
      "速度": "+1.5"
    }
  ],
  "Specimen 5": [
    {
      "スタン": "一部武器のみ有効"
    },
    {
      "追跡型": "プレイヤーを追いかける"
    },
    {
      "速度": "+0"
    },
    {
      "擬態": "マップ、プレイヤーなどのテクスチャを変化させ擬態"
    }
  ],
  "Specimen 8": [
    {
      "壁貫通": "地形(壁や高さ)を無視してプレイヤーを追いかける"
    },
    {
      "追跡型": "プレイヤーを追いかける"
    },
    {
      "速度": "素手でも逃げられる"
    },
    {
      "加速": "壁を加速して通り抜ける"
    },
    {
      "即死": "触れたら即死する"
    }
  ],
  "Specimen 10": [
    {
      "スタン": "有効だが、加速する"
    },
    {
      "追跡型": "プレイヤーを追いかける"
    },
    {
      "加速": "プレイヤーから離れると加速する"
    },
    {
      "カウンター": "スタンすると加速する"
    },
    {
      "速度": "素手でも逃げられる/+5?"
    }
  ],
  "Spongefly Swarm": [
    {
      "スタン": "無効"
    },
    {
      "追跡型": "プレイヤーを追いかける"
    }
  ],
  "Starved": [
    {
      "スタン": "両方とも有効（推奨）"
    },
    {
      "追跡型": "プレイヤーを追いかける"
    },
    {
      "加速(Starved)": "一定時間経過するたびに段階的に加速する"
    },
    {
      "加速(Furnace)": "プレイヤーをキルすると最高速度になる"
    },
    {
      "即死": "触れたら即死する"
    }
  ],
  "Sturm": [
    {
      "スタン": "厳禁(有効だが、加速する)"
    },
    {
      "追跡型": "プレイヤーを追いかける"
    },
    {
      "加速": "プレイヤーを視認すると加速する"
    },
    {
      "カウンター": "スタンすると長時間加速する"
    },
    {
      "速度": "+0~+3.5"
    }

  ],
  "Tails Doll": [
    {
      "スタン": "有効(無効になるタイミングあり)"
    },
    {
      "追跡型": "プレイヤーを追いかける"
    },
    {
      "速度": "+2.5"
    },
    {
      "即死": "暗転時に触れたら即死する"
    }
  ],
  "TBH": [
    {
      "スタン": "有効"
    },
    {
      "追跡型": "プレイヤーを追いかける"
    },
    {
      "加速": "残り時間90秒で加速する"
    },
    {
      "速度": "0/+2?"
    }
  ],
  "Terror of Nowhere": [
    {
      "追跡型": "プレイヤーを追いかける"
    },
    {
      "即死": "触れたら即死する"
    },
    {
      "スタン": "有効"
    },
    {
      "速度": "+2～4"
    }
  ],
  "The Boys": [
    {
      "追跡型": "プレイヤーを追いかける(橙)"
    },
    {
      "徘徊型": "ステージをランダムに徘徊する(黒)"
    },
    {
      "即死": "触れたら即死する"
    }
  ],
  "The Guidance": [
    {
      "徘徊型": "フロアをランダムに徘徊する"
    },
    {
      "即死": "触れたら即死する"
    }
  ],
  "The Jester": [
    {
      "追跡型": "プレイヤーを追いかける"
    },
    {
      "即死": "触れたら即死する"
    },
    {
      "加速": "一定範囲内に入ったプレイヤーを視認すると形態変化のちに超加速"
    }
  ],
  "The Lifebringer": [
    {
      "スタン": "無効/(手下)有効"
    },
    {
      "追跡型": "プレイヤーを追いかける"
    },
    {
      "徘徊型": "(手下)フロアをランダムに徘徊する"
    },
    {
      "加速": "プレイヤーを視認すると加速する"
    },
    {
      "召喚型": "手下を召喚する"
    },
    {
      "デバフ": "鈍足"
    }
  ],
  "The Origin": [
    {
      "スタン": "有効"
    },
    {
      "追跡型": "プレイヤーを追いかける"
    },
    {
      "即死": "触れたら即死する"
    },
    {
      "速度": "+3?"
    }
  ],
  "The Painter": [
    {
      "徘徊型": "本体はランダムで徘徊する"
    },
    {
      "召喚": "手下を複数召喚する"
    },
    {
      "追跡型": "手下はプレイヤーを追いかける"
    },
    {
      "壁貫通": "一部の手下は地形を無視する"
    },
    {
      "テレポート": "一部の手下はテレポートする"
    }
  ],
  "The Plague Doctor": [
    {
      "スタン": "本体は無効、手下は有効"
    },
    {
      "追跡型": "プレイヤーを追いかける"
    },
    {
      "徘徊型": "フロアをランダムに徘徊する"
    },
    {
      "召喚型": "プレイヤーをキルすると手下を召喚する"
    },
    {
      "即死": "本体:触れたら即死する"
    },
    {
      "速度": "+0"
    }
  ],
  "The Pursuer": [
    {
      "スタン": "有効"
    },
    {
      "追跡型": "プレイヤーを追いかける"
    },
    {
      "デバフ": "呪いを付与する"
    },
    {
      "速度": "+3.5～3.8"
    }
  ],
  "The Rat": [
    {
      "スタン": "無効"
    },
    {
      "徘徊型": "フロアをランダムに徘徊する"
    },
    {
      "追跡型": "プレイヤーを追跡する"
    },
    {
      "速度": "+4以上"
    },
    {
      "即死": "触れたら即死する"
    }
  ],
  "The Swarm": [
    {
      "追跡型": "プレイヤーを追いかける"
    },
    {
      "召喚型": "手下を召喚する"
    },
    {
      "徘徊型": "(手下)フロアをランダムに徘徊する"
    },
    {
      "速度": "+2"
    },
    {
      "スタン": "有効"
    }
  ],
  "Those Olden Days": [
    {
      "スタン": "無効"
    },
    {
      "追跡型": "プレイヤーを追いかける"
    },
    {
      "徘徊型": "フロアをランダムに徘徊する"
    },
    {
      "加速": "テレビONで加速する"
    },
    {
      "速度": "+8程度"
    },
    {
      "デバフ": "混乱"
    },
    {
      "即死": "触れたら即死する"
    }
  ],
  "Tiffany": [
    {
      "スタン": "一部武器のみ有効"
    },
    {
      "追跡型": "プレイヤーを追いかける"
    },
    {
      "テレポート": "プレイヤーの近くに瞬間移動する"
    },
    {
      "即死": "即死攻撃"
    }
  ],
  "Time Ripper": [
    {
      "スタン": "特定のタイミングのみ有効"
    },
    {
      "追跡型": "プレイヤーを追いかける"
    },
    {
      "加速": "特定の行動中、加速する"
    },
    {
      "掴み": "プレイヤーを掴み、数秒後に即死させる"
    },
    {
      "速度": "+3以上"
    },
    {
      "デバフ": "出血"
    }
  ],
  "Tinky Winky": [
    {
      "追跡型": "プレイヤーを追いかける"
    },
    {
      "テレポート": "ランダムな位置に瞬間移動する"
    },
    {
      "視界ダメージ": "視界ダメージ"
    },
    {
      "速度": "素手より遅い"
    }
  ],
  "Toren's Shadow": [
    {
      "追跡型": "プレイヤーを追いかける"
    },
    {
      "カウンター": "スタン一定回数で覚醒"
    }
  ],
  "Toy Enforcer": [
    {
      "スタン": "有効"
    },
    {
      "追跡型": "プレイヤーを追いかける"
    },
    {
      "速度": "+1.5程度"
    }
  ],
  "Tricky": [
    {
      "スタン": "有効"
    },
    {
      "追跡型": "プレイヤーを追いかける"
    },
    {
      "速度": "+2程度"
    },
    {
      "加速": "条件を満たすとキルするまで加速(+5)"
    }
  ],
  "V2": [
    {
      "スタン": "有効だが、発狂する"
    },
    {
      "追跡型": "プレイヤーを追いかける"
    },
    {
      "加速": "スライディング中加速する"
    },
    {
      "カウンター": "スタンすると一時的に攻撃が苛烈になる"
    },
    {
      "速度": "+3"
    }
  ],
  "Waldo": [
    {
      "スタン": "無効"
    },
    {
      "テレポート": "ランダムな場所に瞬間移動する"
    },
    {
      "ステルス": "レーダーによる探知が無効"
    },
    {
      "デバフ": "Fear(恐怖)を付与する"
    },
    {
      "ギミック": "時間内に触れられないと即死"
    }
  ],
  "Warden": [
    {
      "スタン": "無効"
    },
    {
      "徘徊型": "フロアをランダムに徘徊する"
    },
    {
      "召喚型": "シュリーカーを召喚する"
    },
    {
      "加速": "怒り状態で加速する"
    },
    {
      "速度": "素手より遅い/高速"
    },
    {
      "即死": "即死攻撃"
    }
  ],
  "Wario Apparition": [
    {
      "スタン": "無効"
    },
    {
      "追跡型": "プレイヤーを追いかける"
    },
    {
      "徘徊型": "時々フロアをランダムに徘徊する"
    },
    {
      "即死": "触れたら即死する"
    },
    {
      "速度": "+3"
    }
  ],
  "Waterwraith": [
    {
      "追跡型": "プレイヤーを追いかける"
    },
    {
      "ステルス": "レーダーによる探知が無効。"
    },
    {
      "即死": "触れたら即死する"
    }
  ],
  "Wild Yet Curious Creature": [
    {
      "スタン": "有効"
    },
    {
      "追跡型": "プレイヤーを追いかける"
    },
    {
      "速度": "+2"
    },
    {
      "デバフ": "鈍足 出血"
    }
  ],
  "With Many Voices": [
    {
      "スタン": "有効"
    },
    {
      "追跡型": "プレイヤーを追いかける"
    },
    {
      "徘徊型（手下）": "フロアをランダムに徘徊する"
    },
    {
      "複数": "3体出現"
    },
    {
      "加速": "視界に入っている時に動くと加速する"
    },
    {
      "速度": "素手以下～+2?"
    }
  ],
  "Withered Bonnie": [
    {
      "スタン": "有効"
    },
    {
      "追跡型": "プレイヤーを追いかける"
    },
    {
      "加速": "徒歩可/+2?"
    },
    {
      "加速": "プレイヤーを認識すると走り出すが、見失うと元のスピードに戻る"
    }
  ],
  "WhiteNight": [
    {
      "スタン": "有効(手下)"
    },
    {
      "徘徊型": "フロアをランダムに徘徊する(手下)"
    },
    {
      "召喚型": "登場時に6体の手下を召喚する"
    },
    {
      "停止": "全く動かない"
    }
  ],
  "Yolm": [
    {
      "スタン": "有効(カウンター)"
    },
    {
      "追跡型": "プレイヤーを追いかける"
    },
    {
      "速度": "+2"
    },
    {
      "カウンター": "スタンするとカウンターを放つ"
    },
    {
      "デバフ": "鈍足"
    }
  ],
  "lain": [
    {
      "追跡型": "プレイヤーを追いかける"
    },
    {
      "壁貫通": "地形(壁や高さ)を無視してプレイヤーを追いかける"
    },
    {
      "装備解除": "霧に触れたプレイヤーの装備を強制解除する"
    },
    {
      "テレポート": "スタンでテレポートする"
    },
    {
      "無敵貫通": "あらゆる無敵効果を貫通する"
    }
  ],
  "This Killer Does Not Exist": [
    {
      "スタン": "無効"
    },
    {
      "追跡型": "プレイヤーを追いかける"
    },
    {
      "速度": "4足時: +1程度"
    },
    {
      "即死": "触れたら即死する"
    }
  ],
  " ": [
    {
      "CRNTER:スタン": "無効"
    },
    {
      "追跡型": "プレイヤーを追いかける"
    },
    {
      "壁貫通": "地形を無視する"
    },
    {
      "CRNTER:速度": "+1.5"
    }
  ],
  ",D@;Q7Y": [
    {
      "スタン": "無効"
    },
    {
      "追跡型": "プレイヤーを追いかける"
    },
    {
      "指令": "指令に従わないと即死"
    }
  ],
  "Ambush": [
    {
      "徘徊型": "フロアをランダムに徘徊する"
    },
    {
      "即死": "触れたら即死する"
    },
    {
      "速度": "非常に速い"
    }
  ],
  "Angry Munci": [
    {
      "スタン": "無効"
    },
    {
      "徘徊型": "フロアをランダムに徘徊する"
    },
    {
      "速度": "超高速"
    },
    {
      "即死": "触れたら即死する"
    }
  ],
  "Apathy": [
    {
      "カウンター": "スタンすると即発狂"
    },
    {
      "追跡型": "プレイヤーを追いかける"
    },
    {
      "覚醒": "残り時間70秒以下から加速し続ける"
    },
    {
      "即死": "触れたら即死する"
    },
    {
      "速度": "+2～+18～"
    }
  ],
  "Army In Black": [
    {
      "スタン": "無効"
    },
    {
      "追跡型": "プレイヤーを追いかける"
    },
    {
      "徘徊型": "フロアをランダムに徘徊する"
    },
    {
      "複数": "4体出現"
    },
    {
      "速度": "遅い"
    },
    {
      "デバフ": "鈍足を付与する"
    }
  ],
  "Lone Agent": [
    {
      "スタン": "有効(無効なタイミングアリ)"
    },
    {
      "追跡型": "プレイヤーを追いかける(本体＆手下1)"
    },
    {
      "徘徊型": "フロアをランダムに徘徊する(手下2)"
    },
    {
      "召喚型": "手下を2体召喚する"
    },
    {
      "加速": "残り時間150秒で加速する"
    },
    {
      "テレポート": "テラーの視界内にいるプレイヤーの近くに瞬間移動する"
    },
    {
      "速度": "初期は+3相当、加速後は+9程度"
    }
  ],
  "Chomper": [
    {
      "スタン": "無効"
    },
    {
      "追跡型": "プレイヤーを追いかける"
    },
    {
      "加速": "たまに超加速する"
    },
    {
      "速度": "+2程度"
    },
    {
      "デバフ": "炎上、感染症、鈍足を付与する"
    }
  ],
  "Convict Squad": [
    {
      "複数": "複数の個体が出現する"
    },
    {
      "カウンター": "スタンで反撃、全体デバフ、強化"
    }
  ],
  "Decayed Sponge": [
    {
      "追跡型": "プレイヤーを追いかける"
    },
    {
      "設置": "障害物を設置する"
    },
    {
      "デバフ": "鈍足、毒を付与する"
    },
    {
      "即死": "触れたら即死する"
    }
  ],
  "Dev Maulers": [
    {
      "スタン": "短時間有効(発狂中無効)"
    },
    {
      "追跡型": "プレイヤーを追いかける"
    },
    {
      "複数": "4体出現"
    },
    {
      "発狂": "定期的に加速と減速を繰り返す"
    },
    {
      "加速": "残り55秒から増速(+2→+3)"
    }
  ],
  "Eggman's Announcement": [
    {
      "追跡型(ビーム)": "プレイヤーを追いかける"
    },
    {
      "即死(ビーム)": "触れると即死する"
    }
  ],
  "Feddys": [
    {
      "追跡型": "プレイヤーを追跡する"
    },
    {
      "徘徊型": "フロアをランダムに徘徊する"
    },
    {
      "視認加速": "プレイヤーを発見すると加速する"
    },
    {
      "壁貫通": "地形を無視する"
    },
    {
      "テレポート": "プレイヤーの近くに瞬間移動する"
    },
    {
      "速度低下": "接近するとプレイヤーの速度が低下する"
    },
    {
      "複数": "複数体出現"
    },
    {
      "無害": "(1体のみ)触れてもダメージを受けない"
    },
    {
      "即死": "(2体のみ)触れたら即死する"
    }
  ],
  "Fusion Pilot": [
    {
      "スタン": "無効"
    },
    {
      "追跡型": "プレイヤーを追いかける"
    },
    {
      "速度": "+3～???(段階的に加速する)"
    },
    {
      "加速": "フェーズ移行で加速する"
    },
    {
      "デバフ": "炎上を付与する"
    }
  ],
  "Glaggle Gang": [
    {
      "複数": "複数の個体が出現する"
    },
    {
      "デバフ": "炎上、出血、麻痺を付与する"
    },
    {
      "時間延長": "出現時に残り時間を増加させる"
    }
  ],
  "Judas": [
    {
      "スタン": "有効(無効なタイミングアリ)"
    },
    {
      "追跡型": "プレイヤーを追いかける"
    },
    {
      "デバフ": "出血を付与する"
    },
    {
      "加速": "定期的に加速する"
    }
  ],
  "Joy": [
    {
      "スタン": "無効"
    },
    {
      "徘徊型": "フロアをランダムに徘徊する"
    },
    {
      "追跡型": "プレイヤーを追跡する"
    },
    {
      "壁貫通": "地形を無視する"
    },
    {
      "速度": "[???]"
    },
    {
      "即死": "触れたら即死する"
    }
  ],
  "Lord's Signal": [
    {
      "スタン": "有効(手下)"
    },
    {
      "追跡型": "プレイヤーを追いかける"
    },
    {
      "召喚型": "手下2体を召喚する"
    },
    {
      "シャッフル": "プレイヤーの位置とHPを変動させる"
    },
    {
      "速度": "遅い"
    }
  ],
  "MR.MEGA": [
    {
      "徘徊型": "フロアをランダムに徘徊する"
    },
    {
      "加速": "形態移行で加速する"
    },
    {
      "追跡型": "プレイヤーを追いかける"
    },
    {
      "掴み": "プレイヤーを掴み、数秒後に即死させる"
    }
  ],
  "Paradise Bird": [
    {
      "追跡型(本体)": "プレイヤーを追いかける"
    },
    {
      "鈍足": "接近するとプレイヤーの速度が低下する"
    },
    {
      "召喚型": "ミニオンを召喚する"
    },
    {
      "即死": "近接攻撃・執行猶予の状態で波動に触れる"
    },
    {
      "速度": "+1"
    },
    {
      "徘徊型(ミニオン)": "ランダムに徘徊する"
    },
    {
      "スタン(ミニオン)": "有効"
    },
    {
      "デバフ(ミニオン)": "攻撃で執行猶予を付与する"
    }
  ],
  "Parhelion": [
    {
      "スタン": "無効"
    },
    {
      "停止": "基本的に動かない"
    },
    {
      "追跡型": "プレイヤーを追いかける"
    },
    {
      "壁貫通": "地形を無視する"
    }
  ],
  "Restless Creator": [
    {
      "スタン": "無効(本体)/有効(ミニオン)"
    },
    {
      "追跡型": "プレイヤーを追いかける"
    },
    {
      "召喚型": "ハスクを召喚する"
    },
    {
      "加速": "プレイヤー視認で加速する"
    },
    {
      "速度": "?~+9以上"
    },
    {
      "デバフ": "出血　炎上　麻痺　感染"
    }
  ],
  "Roblander": [
    {
      "スタン": "有効(無効なタイミングアリ)"
    },
    {
      "麻痺": "無効"
    },
    {
      "追跡型": "プレイヤーを追いかける"
    },
    {
      "加速": "一定時間経過で加速"
    },
    {
      "召喚": "ミニオンを召喚する"
    },
    {
      "掴み": "プレイヤーを掴み、数秒後に即死させる"
    },
    {
      "カウンター": "一定回数スタンを行うとプレイヤー全員を即死させる"
    },
    {
      "(テレポート)": "スタックするとプレイヤー付近に瞬間移動する"
    }
  ],
  "Sakuya The Ripper": [
    {
      "追跡型": "プレイヤーを追いかける"
    },
    {
      "加速": "プレイヤー視認時、加速する"
    },
    {
      "テレポート": "プレイヤーの近くに瞬間移動して、攻撃する"
    },
    {
      "強化": "視界悪化＋移動速度上昇"
    }
  ],
  "Sanic": [
    {
      "追跡型": "プレイヤーを追いかける"
    },
    {
      "速度": "+3/9?"
    },
    {
      "即死": "触れたら即死する"
    }
  ],
  "sm64.z64": [
    {
      "壁貫通": "地形(壁や高さ)を無視する"
    },
    {
      "追跡型": "プレイヤーを追いかける"
    },
    {
      "視界悪化": "中程度の範囲より先が暗くなる"
    },
    {
      "加速": "一定範囲内で加速する"
    },
    {
      "テレポート": "ランダムな場所にテレポートする"
    },
    {
      "即死": "接触で即死する"
    },
    {
      "速度（加速前）": "デリケートコイル以上"
    },
    {
      "速度（加速後）": "エメラルドコイル以上"
    }
  ],
  "S.T.G.M": [
    {
      "スタン": "有効"
    },
    {
      "追跡型": "プレイヤーを追いかける(ミサイル)"
    },
    {
      "召喚型": "誘導ミサイルを複数召喚する"
    },
    {
      "速度": "動かない(本体)/+10以上?"
    }
  ],
  "TBH SPY": [
    {
      "スタン": "有効"
    },
    {
      "追跡型": "プレイヤーを追いかける"
    },
    {
      "複数": "複数の個体が出現する"
    },
    {
      "ステルス": "レーダーによる探知が無効"
    },
    {
      "即死": "触れたら即死する"
    },
    {
      "速度": "アイテム無しとほぼ同等"
    }
  ],
  "Teuthida": [
    {
      "追跡型": "プレイヤーを追いかける"
    },
    {
      "加速": "一定時間経過するたびに段階的に加速する"
    },
    {
      "即死": "触れたら即死する"
    }
  ],
  "The Knight Of Toren": [
    {
      "追跡型": "プレイヤーを追いかける"
    },
    {
      "加速": "プレイヤー視認で加速する"
    },
    {
      "設置": "障害物を設置する"
    }
  ],
  "The Observation": [
    {
      "スタン": "無効/BooBooBabyのみ有効"
    },
    {
      "追跡型": "プレイヤーを追いかける"
    },
    {
      "徘徊型": "フロアをランダムに徘徊する"
    },
    {
      "テレポート": "プレイヤーの近くに瞬間移動する"
    },
    {
      "掴み": "プレイヤーを掴み、攻撃する"
    },
    {
      "加速": "時間経過でわずかに加速する"
    },
    {
      "召喚型": "The Guidance・The Navigator・BooBooBabiesを召喚する"
    },
    {
      "複数": "複数出現(BooBoo)"
    },
    {
      "デバフ": "麻痺・鈍足を付与する"
    }
  ],
  "The Red Mist": [
    {
      "スタン": "無効"
    },
    {
      "追跡型": "プレイヤーを追いかける"
    },
    {
      "加速": "段階的に加速する"
    },
    {
      "掴み": "プレイヤーを掴み、数秒後に即死させる"
    },
    {
      "出血": "ダメージを与えた対象に追加でスリップダメージ"
    }
  ],
  "Tragedy": [
    {
      "追跡型": "プレイヤーを追跡する"
    },
    {
      "加速": "プレイヤーを発見すると加速する"
    },
    {
      "召喚": "手下を複数召喚する"
    },
    {
      "即死": "手下に触れたら即死する"
    }
  ],
  "Try Not To Touch Me": [
    {
      "全体即死": "接触またはスタンで発火"
    },
    {
      "カウンター": "スタンで発火"
    },
    {
      "追跡型": "プレイヤーを追跡する"
    }
  ],
  "Walpurgisnacht": [
    {
      "スタン": "有効(手下)"
    },
    {
      "追跡型": "プレイヤーを追いかける"
    },
    {
      "召喚型": "手下を2体召喚する"
    },
    {
      "徘徊型": "フロアをランダムに徘徊する(手下)"
    },
    {
      "デバフ": "炎上を付与する"
    },
    {
      "即死": "一部の攻撃は即死"
    }
  ],
  "WHITEFACE": [
    {
      "テレポート": "プレイヤーの近くに瞬間移動する"
    },
    {
      "速度": "+1"
    },
    {
      "即死": "触れたら即死する"
    }
  ],
  "Psychosis": [
    {
      "変身": "10秒おきに様々なテラーに変身する"
    },
    {
      "スタン": "プレイヤーの近くにテレポートする(一部の形態は無効)"
    },
    {
      "追跡型": "プレイヤーを追いかける"
    },
    {
      "徘徊型": "フロアをランダムに徘徊する"
    },
    {
      "召喚型": "ランダムなテラーを1体召喚する"
    },
    {
      "複数": "合計で3体～出現"
    },
    {
      "テレポート": "プレイヤーの近くに瞬間移動する"
    },
    {
      "視界ダメージ": "視界ダメージ"
    },
    {
      "速度": "可変"
    },
    {
      "デバフ": "(鈍足や出血、毒など)を付与する"
    },
    {
      "即死": "触れたら即死する"
    }
  ],
  "Virus": [
    {
      "追跡型": "プレイヤーを追いかける"
    },
    {
      "ミニオン": "手下のドローンを引き連れる"
    }
  ],
  "APOCALYPSE BIRD": [
    {
      "追跡型": "プレイヤーを追いかける"
    },
    {
      "テレポート": "テレポートする"
    }
  ],
  "Pandora": [
    {
      "追跡型": "プレイヤーを追いかける"
    },
    {
      "リセット": "途中でステージを変更する"
    }
  ],
  "Atrached": [
    {
      "スタン": "有効だが非推奨(発狂前)"
    },
    {
      "徘徊型": "マップをランダムに徘徊する(発狂前)"
    },
    {
      "追跡型": "プレイヤーを追いかける(発狂後)"
    },
    {
      "加速": "[発狂]で加速する"
    },
    {
      "速度": "[???]"
    },
    {
      "即死": "触れたら即死する"
    }
  ],
  "Hungry Home Invader": [
    {
      "スタン": "無効"
    },
    {
      "追跡型": "プレイヤーを追いかける"
    },
    {
      "テレポート": "プレイヤーの近くに瞬間移動する"
    },
    {
      "視界ダメージ": "見ている間ダメージが発生する"
    },
    {
      "即死": "触れたら即死する"
    }
  ],
  "Wild Yet Bloodthirsty Creature": [
    {
      "スタン": ""
    },
    {
      "追跡型": "プレイヤーを追いかける"
    },
    {
      "速度": "+3程度"
    }
  ],
  "The MeatBallMan": [
    {
      "ギミック": "時間切れで死亡"
    },
    {
      "強制死": "触れたら即死する"
    }
  ],
  "Rift Monsters": [
    {
      "スタン": "有効(TYPE-C、TYPE-S、TYPE-M)"
    },
    {
      "追跡型": "プレイヤーを追いかける(TYPE-Bを除く)"
    },
    {
      "徘徊型": "フロアをランダムに徘徊する(TYPE-Bのみ)"
    },
    {
      "召喚型": "160秒になった際に手下を9体召喚する"
    },
    {
      "デバフ": "恐怖(アイテムの効果無効化)を付与する範囲攻撃を持つ"
    },
    {
      "速度": "本体:+2? 取り巻き(TYPE-C):+約3.5 取り巻き(TYPE-M):+3.6~ 取り巻き(TYPE-B):+3.6~ TYPE-S:+0"
    }
  ],
  "Neo Pilot": [
    {
      "スタン": "手下のみ有効"
    },
    {
      "追跡型": "プレイヤーを追いかける"
    },
    {
      "召喚型": "手下を2体召喚する"
    },
    {
      "加速": "時間加速(230s~)"
    },
    {
      "速度": "+0→9以上"
    },
    {
      "デバフ": "手下が出血を付与、電撃弾攻撃時、根本直撃で麻痺。"
    }
  ],
  "GIGABYTE": [
    {
      "スタン": "無効"
    },
    {
      "追跡型": "プレイヤーを追いかける"
    },
    {
      "複数": "2体出現"
    },
    {
      "速度": "1～2"
    },
    {
      "デバフ": "炎上を付与する"
    }
  ],
  "Evil Purple Foxy": [
    {
      "スタン": "無効"
    },
    {
      "追跡型": "プレイヤーを追いかける"
    },
    {
      "速度": "エメラルドコイルとほぼ同速"
    },
    {
      "即死": "触れたら即死する"
    }
  ],
  "Transportation Trio ＆ The Drifter": [
    {
      "スタン": "無効"
    },
    {
      "追跡型": "プレイヤーを追いかける"
    },
    {
      "徘徊型": "フロアをランダムに徘徊する(緑:完全ランダム)"
    },
    {
      "複数": "4体出現"
    },
    {
      "加速": "視認で加速する(赤・黄色)"
    },
    {
      "速度": "[???]"
    },
    {
      "デバフ": "麻痺を付与する(赤)"
    },
    {
      "即死": "触れたら即死する"
    }
  ],
  "Alternates": [
    {
      "追跡型": "プレイヤーを追いかける"
    },
    {
      "加速": "プレイヤーを発見すると加速"
    },
    {
      "即死": "接触で即死"
    }
  ],
  "Baldi": [
    {
      "スタン": "無効"
    },
    {
      "追跡型": "プレイヤーを追いかける"
    },
    {
      "加速": "残り時間に応じて加速する"
    },
    {
      "速度": "徒歩とほぼ同速？"
    },
    {
      "即死": "触れたら即死する"
    }
  ],
  "Red Mist Apparition": [
    {
      "スタン": "無効"
    },
    {
      "追跡型": "プレイヤーを追いかける"
    },
    {
      "壁貫通": "地形を無視する"
    },
    {
      "テレポート": "瞬間移動する"
    },
    {
      "速度": "[+0～+1?]"
    },
    {
      "即死": "触れたら即死する"
    },
    {
      "視界ダメージ": "視認でダメージ"
    }
  ],
  "Searchlights": [
    {
      "スタン": "無効"
    },
    {
      "徘徊型": "フロアをランダムに徘徊する"
    },
    {
      "召喚型": "3・6ページ収集でサーチライトを追加で召喚する"
    },
    {
      "加速": "ランダムなタイミングで加速する"
    },
    {
      "掴み": "プレイヤーを掴み、数秒後に即死させる"
    },
    {
      "速度": "[???]"
    }
  ],
  "Shadow Freddy": [
    {
      "スタン": "無効"
    },
    {
      "追跡型": "プレイヤーを追いかける"
    },
    {
      "壁貫通": "地形を無視する"
    },
    {
      "視認即死": "3秒視認すると即死"
    },
    {
      "制限時間加速": "制限時間が最大三倍の速度で減少する"
    },
    {
      "テレポート": "プレイヤーをランダムな位置にテレポートさせる"
    },
    {
      "ページシャッフル": "ページの位置を再セットする"
    },
    {
      "掴み": "プレイヤーを掴む"
    },
    {
      "加速": "3･7ページ目収集で加速する"
    },
    {
      "速度": "0～+1"
    }
  ],
  "Specimen 9": [
    {
      "ゴースト": "地形を無視する"
    },
    {
      "追跡型": "プレイヤーを追いかける"
    },
    {
      "強制死": "アイテム効果を貫通"
    },
    {
      "没収": "衝突時、アイテム没収する"
    }
  ],
  "Interloper": [],
  "Beyond Plush": [
    {
      "壁貫通": "地形を無視する"
    },
    {
      "追跡型": "プレイヤーを追いかける"
    },
    {
      "即死": "接触で即死"
    }
  ],
  "OH NO": [
    {
      "スタン": "無効"
    },
    {
      "アンチチート": "出現時セーブにタグを追加し、その後のセーブでは一切の進捗が不可能になる。またその後のセーブを他のインスタンスでロードした場合、そのインスタンスにいる全プレイヤーに警告が表示される"
    },
    {
      "速度": "動かない?"
    }
  ],
  "Epic Bonnie": [
    {
      "追跡型": "プレイヤーを追いかける"
    },
    {
      "スタン": "有効"
    }
  ],
  "TBH SANS": [
    {
      "追跡型": "プレイヤーを追いかける"
    },
    {
      "速度": "+8?"
    },
    {
      "テレポート": "プレイヤーの近くに瞬間移動する"
    }
  ],
  "Blue Haket": [
    {
      "スタン": "有効/一定回数で強化"
    },
    {
      "追跡型": "プレイヤーを追いかける"
    },
    {
      "速度": "+2→3→9?"
    },
    {
      "加速": "一定範囲内"
    },
    {
      "デバフ": "出血、鈍足"
    }
  ],
  "Eyes": [
    {
      "スタン": "無効"
    },
    {
      "視界ダメージ": "視界にいれるとダメージ"
    },
    {
      "テレポート": "視認されるとランダムな位置へテレポートする"
    },
    {
      "速度": "かなり低速"
    }
  ],
  "Inverted Roblander": [
    {
      "スタン": "有効(無効なタイミングアリ)"
    },
    {
      "追跡型": "プレイヤーを追いかける"
    },
    {
      "加速": "一定時間経過で加速"
    },
    {
      "掴み": "プレイヤーを掴み、数秒後に即死させる"
    }
  ],
  "Kimera": [
    {
      "スタン": "無効"
    },
    {
      "追跡型": "プレイヤーを追いかける"
    },
    {
      "召喚型": "斧を召喚する"
    },
    {
      "加速": "110秒で加速する"
    },
    {
      "速度": "?~+8以上？"
    },
    {
      "即死": "即死攻撃"
    }
  ],
  "Monarch": [
    {
      "スタン": "基本的に無効"
    },
    {
      "召喚型": "手下を召喚する"
    },
    {
      "複数": "6体出現"
    },
    {
      "加速": "時間経過で加速する"
    },
    {
      "追跡型": "プレイヤーを追いかける"
    },
    {
      "徘徊型": "フロアをランダムに徘徊する"
    },
    {
      "速度": "時間経過により可変"
    },
    {
      "デバフ": "炎上、出血"
    },
    {
      "全体即死": "防げなかった場合全員即死する"
    }
  ],
  "Nameless": [
    {
      "スタン": "有効"
    },
    {
      "追跡型": "プレイヤーを追いかける"
    },
    {
      "カウンター": "スタンすると加速"
    },
    {
      "速度": "+4~6"
    }
  ],
  "Rabid Snarbolax": [
    {
      "追跡型": "プレイヤーを追いかける"
    },
    {
      "複数": "2体出現する"
    }
  ],
  "Rewrite": [
    {
      "スタン": "(変化後)有効"
    },
    {
      "追跡型": "プレイヤーを追いかける"
    },
    {
      "速度": "+2～4以上(条件は不明だが加速あり　おそらく視認？)"
    },
    {
      "形態変化": "スタンまたは70秒経過で形態変化"
    }
  ],
  "Ruinborn Afton": [
    {
      "スタン": "無効"
    },
    {
      "追跡型": "プレイヤーを追いかける"
    },
    {
      "速度": "+0?→+2.5"
    }
  ],
  "Scrapyard Machine": [
    {
      "スタン": "無効"
    },
    {
      "追跡型": "プレイヤーを追いかける"
    },
    {
      "召喚型": "出現時ミニオンを召喚する"
    },
    {
      "速度": "+3程度(要検証)"
    }
  ],
  "Search and Destroy": [
    {
      "スタン": "Searchのみ有効"
    },
    {
      "徘徊型": "フロアをランダムに徘徊する(Search)"
    },
    {
      "追跡型": "プレイヤーを追いかける(Destroy)"
    },
    {
      "強化": "80秒経過で強化"
    },
    {
      "デバフ": "炎上(S)・出血(D)を付与する"
    },
    {
      "複数": "2体出現"
    }
  ],
  "Slendy": [
    {
      "スタン": "無効"
    },
    {
      "追跡型": "プレイヤーを追いかける"
    },
    {
      "テレポート": "プレイヤーの近くに瞬間移動する"
    },
    {
      "視界ダメージ": "見ている間ダメージが発生する"
    },
    {
      "即死": "触れたら即死する"
    }
  ],
  "The Batter": [
    {
      "スタン": "有効(カウンター有り)"
    },
    {
      "追跡型": "プレイヤーを追いかける"
    },
    {
      "加速": "発覚で加速する"
    },
    {
      "カウンター": "スタンすると即死反撃"
    }
  ]
}